batch_size,avg_time_per_epoch
16,180.159896025
32,99.47976036679998
64,51.201922341599996
128,28.42384860000002
256,17.99141990000003
512,17.029748875000042
1024,16.601604599999973
