batch_size,avg_time_per_epoch
32,425.95893195833315
64,417.0299347500004
128,427.0383813890003
