batch_size,avg_time_per_epoch
16,140.48406122000887
32,74.37245960000436
64,44.0696343800053
128,31.315926400013268
256,17.3143294399837
512,11.923351859999821
1024,10.850627360004001
