batch_size,avg_time_per_epoch
16,70.93424603999593
32,37.04346130001359
64,20.020239900005983
128,12.2896315400023
256,8.874638580018654
512,7.505469279992394
1024,7.205647419998423
