batch_size,avg_time_per_epoch
16,188.747678677241
32,160.76847823460898
64,149.10614530245462
128,136.05772932370505
