batch_size,avg_time_per_epoch
16,28.283146778742474
32,22.397451162338257
64,16.45126263300578
128,11.97817579905192
