batch_size,avg_time_per_epoch
16,14.697189490000406
32,10.182441711425781
64,8.931283950805664
128,8.062189817428589
